{
  "contact": [{
    "id": 1,
    "first_name": "Sawyer",
    "last_name": "Haggerston",
    "email": "shaggerston0@comcast.net",
    "phone_number": "(788) 3212582",
    "image": "https://robohash.org/exercitationematcommodi.png?size=50x50&set=set1"
  }, {
    "id": 2,
    "first_name": "Carny",
    "last_name": "Abernethy",
    "email": "cabernethy1@ucoz.com",
    "phone_number": "(442) 1686217",
    "image": "https://robohash.org/enimrepellendusillo.png?size=50x50&set=set1"
  }, {
    "id": 3,
    "first_name": "Betteann",
    "last_name": "Maycey",
    "email": "bmaycey2@php.net",
    "phone_number": "(296) 5605887",
    "image": "https://robohash.org/eligendieumfugit.png?size=50x50&set=set1"
  }, {
    "id": 4,
    "first_name": "Valli",
    "last_name": "Jorger",
    "email": "vjorger3@mayoclinic.com",
    "phone_number": "(881) 7571244",
    "image": "https://robohash.org/utconsecteturnumquam.png?size=50x50&set=set1"
  }, {
    "id": 5,
    "first_name": "Corri",
    "last_name": "Dell Casa",
    "email": "cdellcasa4@mapy.cz",
    "phone_number": "(354) 1309210",
    "image": "https://robohash.org/voluptatemquiamagni.png?size=50x50&set=set1"
  }, {
    "id": 6,
    "first_name": "Corella",
    "last_name": "Mougenel",
    "email": "cmougenel5@nymag.com",
    "phone_number": "(295) 7210134",
    "image": "https://robohash.org/minimavoluptasvelit.png?size=50x50&set=set1"
  }, {
    "id": 7,
    "first_name": "Glennis",
    "last_name": "Ryding",
    "email": "gryding6@t.co",
    "phone_number": "(701) 2983406",
    "image": "https://robohash.org/nihilquoqui.png?size=50x50&set=set1"
  }, {
    "id": 8,
    "first_name": "Corrianne",
    "last_name": "Zanuciolii",
    "email": "czanuciolii7@marketwatch.com",
    "phone_number": "(160) 3719892",
    "image": "https://robohash.org/delenitiquiaaperiam.png?size=50x50&set=set1"
  }, {
    "id": 9,
    "first_name": "Marcella",
    "last_name": "Po",
    "email": "mpo8@taobao.com",
    "phone_number": "(436) 5682819",
    "image": "https://robohash.org/mollitiaquiat.png?size=50x50&set=set1"
  }, {
    "id": 10,
    "first_name": "Bernita",
    "last_name": "Bacon",
    "email": "bbacon9@51.la",
    "phone_number": "(881) 3323737",
    "image": "https://robohash.org/quiautqui.png?size=50x50&set=set1"
  }, {
    "id": 11,
    "first_name": "Egor",
    "last_name": "Dedrick",
    "email": "ededricka@vistaprint.com",
    "phone_number": "(218) 9003271",
    "image": "https://robohash.org/corruptitemporibuslibero.png?size=50x50&set=set1"
  }, {
    "id": 12,
    "first_name": "Cesaro",
    "last_name": "Spikins",
    "email": "cspikinsb@webs.com",
    "phone_number": "(391) 6370630",
    "image": "https://robohash.org/consequaturautea.png?size=50x50&set=set1"
  }, {
    "id": 13,
    "first_name": "Huntlee",
    "last_name": "Skylett",
    "email": "hskylettc@cnet.com",
    "phone_number": "(330) 3134783",
    "image": "https://robohash.org/magnamaccusamusmaxime.png?size=50x50&set=set1"
  }, {
    "id": 14,
    "first_name": "Sydney",
    "last_name": "Trethowan",
    "email": "strethowand@dyndns.org",
    "phone_number": "(313) 8247796",
    "image": "https://robohash.org/velitquiaqui.png?size=50x50&set=set1"
  }, {
    "id": 15,
    "first_name": "Teddie",
    "last_name": "Bickerton",
    "email": "tbickertone@yelp.com",
    "phone_number": "(844) 3859416",
    "image": "https://robohash.org/velmaximealiquam.png?size=50x50&set=set1"
  }, {
    "id": 16,
    "first_name": "Ynez",
    "last_name": "Champain",
    "email": "ychampainf@photobucket.com",
    "phone_number": "(560) 3601414",
    "image": "https://robohash.org/autnequevel.png?size=50x50&set=set1"
  }, {
    "id": 17,
    "first_name": "Bonni",
    "last_name": "Dole",
    "email": "bdoleg@dedecms.com",
    "phone_number": "(291) 6626966",
    "image": "https://robohash.org/quinisimollitia.png?size=50x50&set=set1"
  }, {
    "id": 18,
    "first_name": "Ermina",
    "last_name": "Bolden",
    "email": "eboldenh@census.gov",
    "phone_number": "(987) 1189990",
    "image": "https://robohash.org/doloremfugiatmolestiae.png?size=50x50&set=set1"
  }, {
    "id": 19,
    "first_name": "Freda",
    "last_name": "Kembry",
    "email": "fkembryi@people.com.cn",
    "phone_number": "(376) 4827398",
    "image": "https://robohash.org/ametcommodiet.png?size=50x50&set=set1"
  }, {
    "id": 20,
    "first_name": "Carlene",
    "last_name": "Farmer",
    "email": "cfarmerj@slashdot.org",
    "phone_number": "(308) 9720398",
    "image": "https://robohash.org/teneturexpeditatempore.png?size=50x50&set=set1"
  }, {
    "id": 21,
    "first_name": "Kelsey",
    "last_name": "Clench",
    "email": "kclenchk@newsvine.com",
    "phone_number": "(190) 8582507",
    "image": "https://robohash.org/earumquaeplaceat.png?size=50x50&set=set1"
  }, {
    "id": 22,
    "first_name": "Catlin",
    "last_name": "Bowdidge",
    "email": "cbowdidgel@spiegel.de",
    "phone_number": "(349) 7754178",
    "image": "https://robohash.org/natusaliquidvel.png?size=50x50&set=set1"
  }, {
    "id": 23,
    "first_name": "Trip",
    "last_name": "Hullyer",
    "email": "thullyerm@jimdo.com",
    "phone_number": "(170) 4198526",
    "image": "https://robohash.org/cupiditateexcepturiiste.png?size=50x50&set=set1"
  }, {
    "id": 24,
    "first_name": "Dusty",
    "last_name": "Magnar",
    "email": "dmagnarn@blogspot.com",
    "phone_number": "(590) 3182371",
    "image": "https://robohash.org/officiisatquelabore.png?size=50x50&set=set1"
  }, {
    "id": 25,
    "first_name": "Karlens",
    "last_name": "Shapera",
    "email": "kshaperao@histats.com",
    "phone_number": "(992) 2287690",
    "image": "https://robohash.org/autremet.png?size=50x50&set=set1"
  }, {
    "id": 26,
    "first_name": "Pandora",
    "last_name": "Gawthorp",
    "email": "pgawthorpp@artisteer.com",
    "phone_number": "(304) 7599964",
    "image": "https://robohash.org/inquiaminus.png?size=50x50&set=set1"
  }, {
    "id": 27,
    "first_name": "Ruprecht",
    "last_name": "Chellam",
    "email": "rchellamq@zdnet.com",
    "phone_number": "(671) 4315287",
    "image": "https://robohash.org/accusamusoccaecativitae.png?size=50x50&set=set1"
  }, {
    "id": 28,
    "first_name": "Mariann",
    "last_name": "Stiegar",
    "email": "mstiegarr@ebay.co.uk",
    "phone_number": "(427) 9520781",
    "image": "https://robohash.org/etliberoeaque.png?size=50x50&set=set1"
  }, {
    "id": 29,
    "first_name": "Aksel",
    "last_name": "Avesque",
    "email": "aavesques@linkedin.com",
    "phone_number": "(743) 4121281",
    "image": "https://robohash.org/consecteturminimaqui.png?size=50x50&set=set1"
  }, {
    "id": 30,
    "first_name": "Melisse",
    "last_name": "Kindon",
    "email": "mkindont@hp.com",
    "phone_number": "(475) 4941606",
    "image": "https://robohash.org/etdelenitinon.png?size=50x50&set=set1"
  }, {
    "id": 31,
    "first_name": "Chen",
    "last_name": "Vina",
    "email": "cvinau@cbslocal.com",
    "phone_number": "(906) 8633484",
    "image": "https://robohash.org/totamatquefacere.png?size=50x50&set=set1"
  }, {
    "id": 32,
    "first_name": "Man",
    "last_name": "O' Markey",
    "email": "momarkeyv@indiatimes.com",
    "phone_number": "(947) 6634290",
    "image": "https://robohash.org/inciduntidveniam.png?size=50x50&set=set1"
  }, {
    "id": 33,
    "first_name": "Ede",
    "last_name": "Marvel",
    "email": "emarvelw@hexun.com",
    "phone_number": "(442) 2751886",
    "image": "https://robohash.org/enimvoluptatemhic.png?size=50x50&set=set1"
  }, {
    "id": 34,
    "first_name": "Scott",
    "last_name": "Mucillo",
    "email": "smucillox@photobucket.com",
    "phone_number": "(571) 2820976",
    "image": "https://robohash.org/autnonfugiat.png?size=50x50&set=set1"
  }, {
    "id": 35,
    "first_name": "Valentine",
    "last_name": "Warmisham",
    "email": "vwarmishamy@addthis.com",
    "phone_number": "(239) 1273751",
    "image": "https://robohash.org/pariaturetmollitia.png?size=50x50&set=set1"
  }, {
    "id": 36,
    "first_name": "Wright",
    "last_name": "Batistelli",
    "email": "wbatistelliz@ehow.com",
    "phone_number": "(692) 1358126",
    "image": "https://robohash.org/nemoexcepturialiquid.png?size=50x50&set=set1"
  }, {
    "id": 37,
    "first_name": "Waylin",
    "last_name": "Lorkin",
    "email": "wlorkin10@photobucket.com",
    "phone_number": "(799) 1969019",
    "image": "https://robohash.org/quamnumquamnihil.png?size=50x50&set=set1"
  }, {
    "id": 38,
    "first_name": "Chelsea",
    "last_name": "Fripps",
    "email": "cfripps11@statcounter.com",
    "phone_number": "(506) 8787283",
    "image": "https://robohash.org/voluptaterepellatdolor.png?size=50x50&set=set1"
  }, {
    "id": 39,
    "first_name": "Naomi",
    "last_name": "Petroulis",
    "email": "npetroulis12@adobe.com",
    "phone_number": "(510) 6137592",
    "image": "https://robohash.org/nisiasperioresomnis.png?size=50x50&set=set1"
  }, {
    "id": 40,
    "first_name": "Aloise",
    "last_name": "Orbon",
    "email": "aorbon13@infoseek.co.jp",
    "phone_number": "(499) 1226346",
    "image": "https://robohash.org/doloribusassumendainventore.png?size=50x50&set=set1"
  }, {
    "id": 41,
    "first_name": "Blair",
    "last_name": "Andriessen",
    "email": "bandriessen14@typepad.com",
    "phone_number": "(413) 8177071",
    "image": "https://robohash.org/corporisnullaquibusdam.png?size=50x50&set=set1"
  }, {
    "id": 42,
    "first_name": "Baxter",
    "last_name": "Speerman",
    "email": "bspeerman15@wunderground.com",
    "phone_number": "(347) 5882441",
    "image": "https://robohash.org/errorundelaboriosam.png?size=50x50&set=set1"
  }, {
    "id": 43,
    "first_name": "Derward",
    "last_name": "De Blasiis",
    "email": "ddeblasiis16@de.vu",
    "phone_number": "(780) 1369213",
    "image": "https://robohash.org/doloribussimiliqueut.png?size=50x50&set=set1"
  }, {
    "id": 44,
    "first_name": "Creigh",
    "last_name": "Mayhew",
    "email": "cmayhew17@sitemeter.com",
    "phone_number": "(972) 8383418",
    "image": "https://robohash.org/odiovoluptatemaut.png?size=50x50&set=set1"
  }, {
    "id": 45,
    "first_name": "Lem",
    "last_name": "Clemett",
    "email": "lclemett18@spiegel.de",
    "phone_number": "(123) 5514307",
    "image": "https://robohash.org/doloresvoluptatumvoluptates.png?size=50x50&set=set1"
  }, {
    "id": 46,
    "first_name": "Anne-marie",
    "last_name": "Van Schafflaer",
    "email": "avanschafflaer19@omniture.com",
    "phone_number": "(817) 3557098",
    "image": "https://robohash.org/liberoestofficia.png?size=50x50&set=set1"
  }, {
    "id": 47,
    "first_name": "Janenna",
    "last_name": "Schutt",
    "email": "jschutt1a@istockphoto.com",
    "phone_number": "(621) 5564578",
    "image": "https://robohash.org/idsapientepraesentium.png?size=50x50&set=set1"
  }, {
    "id": 48,
    "first_name": "Brant",
    "last_name": "Eilles",
    "email": "beilles1b@qq.com",
    "phone_number": "(240) 6665599",
    "image": "https://robohash.org/nisivelitautem.png?size=50x50&set=set1"
  }, {
    "id": 49,
    "first_name": "Julita",
    "last_name": "Penton",
    "email": "jpenton1c@ocn.ne.jp",
    "phone_number": "(863) 4946602",
    "image": "https://robohash.org/facilisrepudiandaeid.png?size=50x50&set=set1"
  }, {
    "id": 50,
    "first_name": "Hilton",
    "last_name": "Songhurst",
    "email": "hsonghurst1d@cdc.gov",
    "phone_number": "(846) 9017805",
    "image": "https://robohash.org/sitautbeatae.png?size=50x50&set=set1"
  }]
}