{
	"info": {
		"_postman_id": "d37a345d-27a2-4594-a15b-1023ccdbfdbc",
		"name": "javaFinal",
		"schema": "https://schema.getpostman.com/json/collection/v2.1.0/collection.json"
	},
	"item": [
		{
			"name": "register",
			"request": {
				"method": "POST",
				"header": [
					{
						"key": "Authorization",
						"value": "95dded9e-f24a-49bf-a510-379296bf8fc2",
						"type": "text"
					}
				],
				"body": {
					"mode": "raw",
					"raw": "{\r\n    \"firstName\" : \"sefrinaldi\",\r\n    \"lastName\" : \"caniago\",    \r\n    \"email\" : \"sefrinaldi.caniago@gmail.com\",\r\n    \"password\" : \"password\"\r\n}",
					"options": {
						"raw": {
							"language": "json"
						}
					}
				},
				"url": {
					"raw": "localhost:8080/api/user/register",
					"host": [
						"localhost"
					],
					"port": "8080",
					"path": [
						"api",
						"user",
						"register"
					]
				}
			},
			"response": []
		},
		{
			"name": "login",
			"protocolProfileBehavior": {
				"disableBodyPruning": true
			},
			"request": {
				"method": "GET",
				"header": [],
				"body": {
					"mode": "raw",
					"raw": "{\r\n    \r\n    \"email\" : \"sefrinaldi.caniago@gmail.com\",\r\n    \"password\" : \"password\"\r\n}",
					"options": {
						"raw": {
							"language": "json"
						}
					}
				},
				"url": {
					"raw": "localhost:8080/api/user/login",
					"host": [
						"localhost"
					],
					"port": "8080",
					"path": [
						"api",
						"user",
						"login"
					]
				}
			},
			"response": []
		},
		{
			"name": "cek invoice",
			"protocolProfileBehavior": {
				"disableBodyPruning": true
			},
			"request": {
				"method": "GET",
				"header": [
					{
						"key": "Content-Type",
						"value": "application/json",
						"type": "text"
					}
				],
				"body": {
					"mode": "raw",
					"raw": "",
					"options": {
						"raw": {
							"language": "json"
						}
					}
				},
				"url": {
					"raw": "localhost:8080/api/customer/invoice/765345",
					"host": [
						"localhost"
					],
					"port": "8080",
					"path": [
						"api",
						"customer",
						"invoice",
						"765345"
					]
				}
			},
			"response": []
		},
		{
			"name": "make order",
			"request": {
				"method": "POST",
				"header": [],
				"body": {
					"mode": "raw",
					"raw": "{\r\n    \"id\" : 67503480,\r\n    \"orderId\" : 19,\r\n    \"token\" : 25000\r\n}",
					"options": {
						"raw": {
							"language": "json"
						}
					}
				},
				"url": {
					"raw": "localhost:8080/api/customer/order",
					"host": [
						"localhost"
					],
					"port": "8080",
					"path": [
						"api",
						"customer",
						"order"
					]
				}
			},
			"response": []
		},
		{
			"name": "forgot password",
			"protocolProfileBehavior": {
				"disableBodyPruning": true
			},
			"request": {
				"method": "GET",
				"header": [],
				"body": {
					"mode": "raw",
					"raw": "{\r\n    \"email\" : \"sefrinaldi.caniago@gmail.com\"\r\n}",
					"options": {
						"raw": {
							"language": "json"
						}
					}
				},
				"url": {
					"raw": "localhost:8080/api/user/forgot",
					"host": [
						"localhost"
					],
					"port": "8080",
					"path": [
						"api",
						"user",
						"forgot"
					]
				}
			},
			"response": []
		}
	]
}