{
  "project_info": {
    "project_number": "138384088096",
    "project_id": "bootcamp-april21",
    "storage_bucket": "bootcamp-april21.appspot.com"
  },
  "client": [
    {
      "client_info": {
        "mobilesdk_app_id": "1:138384088096:android:166f9b5949262e5003b045",
        "android_client_info": {
          "package_name": "com.april21project01"
        }
      },
      "oauth_client": [
        {
          "client_id": "138384088096-1pn3vifchs3esdqb4i30senhojse56pu.apps.googleusercontent.com",
          "client_type": 1,
          "android_info": {
            "package_name": "com.april21project01",
            "certificate_hash": "5e8f16062ea3cd2c4a0d547876baa6f38cabf625"
          }
        },
        {
          "client_id": "138384088096-j4m4udtu1dqjejdoje72k57q09ntln0k.apps.googleusercontent.com",
          "client_type": 3
        }
      ],
      "api_key": [
        {
          "current_key": "AIzaSyCSEzsmmEUghFL2nbw8qQrTPNgsTIRtMa0"
        }
      ],
      "services": {
        "appinvite_service": {
          "other_platform_oauth_client": [
            {
              "client_id": "138384088096-j4m4udtu1dqjejdoje72k57q09ntln0k.apps.googleusercontent.com",
              "client_type": 3
            }
          ]
        }
      }
    },
    {
      "client_info": {
        "mobilesdk_app_id": "1:138384088096:android:f69402fbfe2fde5e03b045",
        "android_client_info": {
          "package_name": "com.project01"
        }
      },
      "oauth_client": [
        {
          "client_id": "138384088096-j4m4udtu1dqjejdoje72k57q09ntln0k.apps.googleusercontent.com",
          "client_type": 3
        }
      ],
      "api_key": [
        {
          "current_key": "AIzaSyCSEzsmmEUghFL2nbw8qQrTPNgsTIRtMa0"
        }
      ],
      "services": {
        "appinvite_service": {
          "other_platform_oauth_client": [
            {
              "client_id": "138384088096-j4m4udtu1dqjejdoje72k57q09ntln0k.apps.googleusercontent.com",
              "client_type": 3
            }
          ]
        }
      }
    },
    {
      "client_info": {
        "mobilesdk_app_id": "1:138384088096:android:0cbbdac843f656e903b045",
        "android_client_info": {
          "package_name": "com.project02"
        }
      },
      "oauth_client": [
        {
          "client_id": "138384088096-j4m4udtu1dqjejdoje72k57q09ntln0k.apps.googleusercontent.com",
          "client_type": 3
        }
      ],
      "api_key": [
        {
          "current_key": "AIzaSyCSEzsmmEUghFL2nbw8qQrTPNgsTIRtMa0"
        }
      ],
      "services": {
        "appinvite_service": {
          "other_platform_oauth_client": [
            {
              "client_id": "138384088096-j4m4udtu1dqjejdoje72k57q09ntln0k.apps.googleusercontent.com",
              "client_type": 3
            }
          ]
        }
      }
    }
  ],
  "configuration_version": "1"
}
