<?xml version="1.0" encoding="UTF-8"?>
<comment version="3.0">
  <caption>Frustrated surprised bearded man in white shirt showing empty wallet</caption>
  <note>Frustrated surprised bearded man in white shirt showing empty wallet while sitting in chair isolated over gray background</note>
  <place/>
  <categories>
    <category value="caucasian"/>
    <category value="businessman"/>
    <category value="background"/>
    <category value="debt"/>
    <category value="financial"/>
    <category value="negative"/>
    <category value="trouble"/>
    <category value="economy"/>
    <category value="adult"/>
    <category value="theft"/>
    <category value="people"/>
    <category value="stressed"/>
    <category value="person"/>
    <category value="fraud"/>
    <category value="job"/>
    <category value="concept"/>
    <category value="desperate"/>
    <category value="taxes"/>
    <category value="executive"/>
    <category value="problem"/>
    <category value="depressed"/>
    <category value="chair"/>
    <category value="sitting"/>
    <category value="emotion"/>
    <category value="poor"/>
    <category value="broke"/>
    <category value="money"/>
    <category value="man"/>
    <category value="business"/>
    <category value="empty"/>
    <category value="crisis"/>
    <category value="loan"/>
    <category value="lost"/>
    <category value="isolated"/>
    <category value="jobless"/>
    <category value="budget"/>
    <category value="expensive"/>
    <category value="corporate"/>
    <category value="wallet"/>
    <category value="deficit"/>
    <category value="currency"/>
    <category value="bankruptcy"/>
    <category value="guy"/>
    <category value="male"/>
    <category value="fired"/>
    <category value="cash"/>
    <category value="price"/>
    <category value="bankrupt"/>
    <category value="sad"/>
  </categories>
</comment>
